{
  "Profiles": [
    {
      "Name": "Martin",
      "Guid": "bh19544f-6af3-534d-aga6-0a48e0964058",
      "Ansi 5 Color": {
        "Green Component": 0.10802463442087173,
        "Blue Component": 0.43516635894775391,
        "Red Component": 0.77738940715789795
      },
      "Tags": [],
      "Ansi 12 Color": {
        "Green Component": 0.50962930917739868,
        "Blue Component": 0.51685798168182373,
        "Red Component": 0.44058024883270264
      },
      "Ansi 1 Color": {
        "Green Component": 0.10840655118227005,
        "Blue Component": 0.14145714044570923,
        "Red Component": 0.81926977634429932
      },
      "Horizontal Spacing": 0.95704301581325291,
      "Bold Color": {
        "Green Component": 0.56485837697982788,
        "Blue Component": 0.56363654136657715,
        "Red Component": 0.50599193572998047
      },
      "AWDS Tab Directory": "",
      "Normal Font": "FiraCode-Regular 13",
      "Link Color": {
        "Red Component": 0.023,
        "Color Space": "Calibrated",
        "Blue Component": 0.67800000000000005,
        "Alpha Component": 1,
        "Green Component": 0.27000000000000002
      },
      "Rows": 30,
      "Default Bookmark": "No",
      "Ansi 3 Color": {
        "Green Component": 0.46751424670219421,
        "Blue Component": 0.023484811186790466,
        "Red Component": 0.64746475219726562
      },
      "AWDS Tab Option": "Recycle",
      "Cursor Guide Color": {
        "Red Component": 0.65000000000000002,
        "Color Space": "Calibrated",
        "Blue Component": 1,
        "Alpha Component": 0.25,
        "Green Component": 0.91000000000000003
      },
      "Non-ASCII Anti Aliased": true,
      "Use Bright Bold": true,
      "Show Mark Indicators": false,
      "Ansi 10 Color": {
        "Green Component": 0.35665956139564514,
        "Blue Component": 0.38298487663269043,
        "Red Component": 0.27671992778778076
      },
      "Ambiguous Double Width": false,
      "AWDS Pane Option": "Recycle",
      "Jobs to Ignore": ["rlogin", "ssh", "slogin", "telnet"],
      "Ansi 15 Color": {
        "Green Component": 0.95794391632080078,
        "Blue Component": 0.86405980587005615,
        "Red Component": 0.98943418264389038
      },
      "Foreground Color": {
        "Green Component": 0.50962930917739868,
        "Blue Component": 0.51685798168182373,
        "Red Component": 0.44058024883270264
      },
      "Working Directory": "/Users/martinjuhasz",
      "Blinking Cursor": false,
      "AWDS Window Option": "No",
      "Sync Title": false,
      "Prompt Before Closing 2": false,
      "BM Growl": true,
      "Command": "",
      "Description": "Default",
      "AWDS Pane Directory": "",
      "Disable Window Resizing": true,
      "Screen": -1,
      "Selection Color": {
        "Red Component": 0.0,
        "Color Space": "sRGB",
        "Blue Component": 0.44,
        "Alpha Component": 1,
        "Green Component": 0.074
      },
      "Mouse Reporting": true,
      "AWDS Window Directory": "",
      "Columns": 100,
      "Idle Code": 0,
      "Ansi 13 Color": {
        "Green Component": 0.33896297216415405,
        "Blue Component": 0.72908437252044678,
        "Red Component": 0.34798634052276611
      },
      "Custom Command": "No",
      "ASCII Anti Aliased": true,
      "Non Ascii Font": "Monaco 12",
      "Vertical Spacing": 1.0806899472891565,
      "Use Bold Font": true,
      "Option Key Sends": 0,
      "Selected Text Color": {
        "Red Component": 1,
        "Color Space": "sRGB",
        "Blue Component": 1,
        "Alpha Component": 1,
        "Green Component": 1
      },
      "Background Color": {
        "Green Component": 0.03,
        "Blue Component": 0.04,
        "Red Component": 0
      },
      "Character Encoding": 4,
      "Ansi 11 Color": {
        "Green Component": 0.40717673301696777,
        "Blue Component": 0.43850564956665039,
        "Red Component": 0.32436618208885193
      },
      "Use Italic Font": true,
      "Unlimited Scrollback": true,
      "Keyboard Map": {
        "0xf700-0x260000": {
          "Action": 10,
          "Text": "[1;6A"
        },
        "0x37-0x40000": {
          "Action": 11,
          "Text": "0x1f"
        },
        "0x32-0x40000": {
          "Action": 11,
          "Text": "0x00"
        },
        "0xf709-0x20000": {
          "Action": 10,
          "Text": "[17;2~"
        },
        "0xf70c-0x20000": {
          "Action": 10,
          "Text": "[20;2~"
        },
        "0xf729-0x20000": {
          "Action": 10,
          "Text": "[1;2H"
        },
        "0xf72b-0x40000": {
          "Action": 10,
          "Text": "[1;5F"
        },
        "0xf705-0x20000": {
          "Action": 10,
          "Text": "[1;2Q"
        },
        "0xf703-0x260000": {
          "Action": 10,
          "Text": "[1;6C"
        },
        "0xf700-0x220000": {
          "Action": 10,
          "Text": "[1;2A"
        },
        "0xf701-0x280000": {
          "Action": 11,
          "Text": "0x1b 0x1b 0x5b 0x42"
        },
        "0x38-0x40000": {
          "Action": 11,
          "Text": "0x7f"
        },
        "0x33-0x40000": {
          "Action": 11,
          "Text": "0x1b"
        },
        "0xf703-0x220000": {
          "Action": 10,
          "Text": "[1;2C"
        },
        "0xf701-0x240000": {
          "Action": 10,
          "Text": "[1;5B"
        },
        "0xf70d-0x20000": {
          "Action": 10,
          "Text": "[21;2~"
        },
        "0xf702-0x260000": {
          "Action": 10,
          "Text": "[1;6D"
        },
        "0xf729-0x40000": {
          "Action": 10,
          "Text": "[1;5H"
        },
        "0xf706-0x20000": {
          "Action": 10,
          "Text": "[1;2R"
        },
        "0x34-0x40000": {
          "Action": 11,
          "Text": "0x1c"
        },
        "0xf700-0x280000": {
          "Action": 11,
          "Text": "0x1b 0x1b 0x5b 0x41"
        },
        "0x2d-0x40000": {
          "Action": 11,
          "Text": "0x1f"
        },
        "0xf70e-0x20000": {
          "Action": 10,
          "Text": "[23;2~"
        },
        "0xf702-0x220000": {
          "Action": 10,
          "Text": "[1;2D"
        },
        "0xf703-0x280000": {
          "Action": 11,
          "Text": "0x1b 0x1b 0x5b 0x43"
        },
        "0xf700-0x240000": {
          "Action": 10,
          "Text": "[1;5A"
        },
        "0xf707-0x20000": {
          "Action": 10,
          "Text": "[1;2S"
        },
        "0xf70a-0x20000": {
          "Action": 10,
          "Text": "[18;2~"
        },
        "0x35-0x40000": {
          "Action": 11,
          "Text": "0x1d"
        },
        "0xf70f-0x20000": {
          "Action": 10,
          "Text": "[24;2~"
        },
        "0xf703-0x240000": {
          "Action": 10,
          "Text": "[1;5C"
        },
        "0xf701-0x260000": {
          "Action": 10,
          "Text": "[1;6B"
        },
        "0xf702-0x280000": {
          "Action": 11,
          "Text": "0x1b 0x1b 0x5b 0x44"
        },
        "0xf72b-0x20000": {
          "Action": 10,
          "Text": "[1;2F"
        },
        "0x36-0x40000": {
          "Action": 11,
          "Text": "0x1e"
        },
        "0xf708-0x20000": {
          "Action": 10,
          "Text": "[15;2~"
        },
        "0xf701-0x220000": {
          "Action": 10,
          "Text": "[1;2B"
        },
        "0xf70b-0x20000": {
          "Action": 10,
          "Text": "[19;2~"
        },
        "0xf702-0x240000": {
          "Action": 10,
          "Text": "[1;5D"
        },
        "0xf704-0x20000": {
          "Action": 10,
          "Text": "[1;2P"
        }
      },
      "Window Type": 0,
      "Cursor Type": 1,
      "Background Image Location": "",
      "Blur": false,
      "Badge Color": {
        "Red Component": 1,
        "Color Space": "Calibrated",
        "Blue Component": 0,
        "Alpha Component": 0.5,
        "Green Component": 0
      },